{
	"ulid": "01D18BTBE1BJ60T8PPDPT33YT8",
	"minTime": 1547510400000,
	"maxTime": 1547532000000,
	"stats": {},
	"compaction": {
		"level": 2,
		"sources": [
			"01D188MB91SETN7AVAXZTPN85X",
			"01D188MBBJ6XGD261F3E3MCECV",
			"01D188MBDYDNZX2XXDZZ635DCY"
		],
		"parents": [
			{
				"ulid": "01D188MB91SETN7AVAXZTPN85X",
				"minTime": 1547510400000,
				"maxTime": 1547517600000
			},
			{
				"ulid": "01D188MBBJ6XGD261F3E3MCECV",
				"minTime": 1547517600000,
				"maxTime": 1547524800000
			},
			{
				"ulid": "01D188MBDYDNZX2XXDZZ635DCY",
				"minTime": 1547524800000,
				"maxTime": 1547532000000
			}
		]
	},
	"version": 1
}
