{
	"ulid": "01D188MBGGGHKQG9CT6NKWM1QQ",
	"minTime": 1547478648211,
	"maxTime": 1547488800000,
	"stats": {
		"numSamples": 91870,
		"numSeries": 235,
		"numChunks": 732
	},
	"compaction": {
		"level": 2,
		"sources": [
			"01D188MAN78NXPF9WEPSYXM7NK",
			"01D188MAVKP8A145MJERMKN9WC"
		],
		"parents": [
			{
				"ulid": "01D188MAN78NXPF9WEPSYXM7NK",
				"minTime": 1547478648211,
				"maxTime": 1547481600000
			},
			{
				"ulid": "01D188MAVKP8A145MJERMKN9WC",
				"minTime": 1547481600000,
				"maxTime": 1547488800000
			}
		]
	},
	"version": 1
}
