{
	"ulid": "01D188MBP815092GKTHTPTWFCV",
	"minTime": 1547488800000,
	"maxTime": 1547510400000,
	"stats": {},
	"compaction": {
		"level": 2,
		"sources": [
			"01D188MB1FY1G4TRC192PP4JBY",
			"01D188MB4AN2BW7N2T3Q8NANWV",
			"01D188MB6AXFP8NGZMWEDEACJ4"
		],
		"parents": [
			{
				"ulid": "01D188MB1FY1G4TRC192PP4JBY",
				"minTime": 1547488800000,
				"maxTime": 1547496000000
			},
			{
				"ulid": "01D188MB4AN2BW7N2T3Q8NANWV",
				"minTime": 1547496000000,
				"maxTime": 1547503200000
			},
			{
				"ulid": "01D188MB6AXFP8NGZMWEDEACJ4",
				"minTime": 1547503200000,
				"maxTime": 1547510400000
			}
		]
	},
	"version": 1
}
